# Full Markdown File Mapping (source → destination)

ACTION_PLAN_QUICK_REFERENCE.md → specs/project/ACTION_PLAN_QUICK_REFERENCE.md
AGENTS.md → specs/architectural-specs/AGENTS.md
AGENTS_ACHIEVEMENTS.md → specs/project/AGENTS_ACHIEVEMENTS.md
AGENT_INTEGRATION_ANALYSIS.md → specs/architectural-specs/AGENT_INTEGRATION_ANALYSIS.md
ANALYSIS_COMPLETE_DEC15.md → specs/project/ANALYSIS_COMPLETE_DEC15.md
API_CATALOGS_UPDATE_QUICK_REFERENCE.md → specs/api-contracts/API_CATALOGS_UPDATE_QUICK_REFERENCE.md
API_CATALOG_UPDATES_DEC14_FINAL.md → specs/api-contracts/API_CATALOG_UPDATES_DEC14_FINAL.md
API_CATALOG_UPDATES_DEC15_FINAL.md → specs/api-contracts/API_CATALOG_UPDATES_DEC15_FINAL.md
API_CATALOG_UPDATES_DEC16_FINAL.md → specs/api-contracts/API_CATALOG_UPDATES_DEC16_FINAL.md
API_CATALOG_UPDATE_DEC14.md → specs/api-contracts/API_CATALOG_UPDATE_DEC14.md
API_DOCUMENTATION_ANALYSIS_SUMMARY.md → specs/api-contracts/API_DOCUMENTATION_ANALYSIS_SUMMARY.md
API_ENDPOINTS_GAP_ANALYSIS.md → specs/api-contracts/API_ENDPOINTS_GAP_ANALYSIS.md
API_ENDPOINTS_QUICK_REFERENCE_DEC15.md → specs/api-contracts/API_ENDPOINTS_QUICK_REFERENCE_DEC15.md
API_ENDPOINTS_QUICK_REFERENCE_DEC16.md → specs/api-contracts/API_ENDPOINTS_QUICK_REFERENCE_DEC16.md
API_ENDPOINTS_SCHEMA_AUDIT_DEC15.md → specs/api-contracts/API_ENDPOINTS_SCHEMA_AUDIT_DEC15.md
API_PROGRESS_UPDATE_DEC15.md → specs/api-contracts/API_PROGRESS_UPDATE_DEC15.md
API_VALIDATION_FRAMEWORK_DELIVERY.md → specs/api-contracts/API_VALIDATION_FRAMEWORK_DELIVERY.md
API_VALIDATION_TOOLS_QUICK_REFERENCE.md → specs/api-contracts/API_VALIDATION_TOOLS_QUICK_REFERENCE.md
ARCHITECTURE_ANALYSIS_AND_RECOMMENDATIONS.md → specs/architectural-specs/ARCHITECTURE_ANALYSIS_AND_RECOMMENDATIONS.md
AUDIT_INDEX_DEC15.md → specs/project/AUDIT_INDEX_DEC15.md
AVATAR_ROUTES_DECISION_GUIDE.md → specs/architectural-specs/AVATAR_ROUTES_DECISION_GUIDE.md
AVATAR_SERVICE_ENDPOINT_ANALYSIS.md → specs/architectural-specs/AVATAR_SERVICE_ENDPOINT_ANALYSIS.md
AVATAR_SERVICE_EXISTING_IMPLEMENTATION_SCAN.md → specs/architectural-specs/AVATAR_SERVICE_EXISTING_IMPLEMENTATION_SCAN.md
AVATAR_SERVICE_IMPLEMENTATION_INDEX.md → specs/architectural-specs/AVATAR_SERVICE_IMPLEMENTATION_INDEX.md
AVATAR_SERVICE_ROUTES_AUDIT.md → specs/architectural-specs/AVATAR_SERVICE_ROUTES_AUDIT.md
AVATAR_SERVICE_SPECIFICATION_CREATED.md → specs/architectural-specs/AVATAR_SERVICE_SPECIFICATION_CREATED.md
AVATAR_SERVICE_TEST_SUITE_COMPLETE.md → specs/architectural-specs/AVATAR_SERVICE_TEST_SUITE_COMPLETE.md
AVATAR_SERVICE_VERIFICATION_COMPLETE.md → specs/architectural-specs/AVATAR_SERVICE_VERIFICATION_COMPLETE.md
CANDIDATE_SERVICE_IMPROVEMENTS_COMPLETE.md → specs/project/CANDIDATE_SERVICE_IMPROVEMENTS_COMPLETE.md
CANDIDATE_SERVICE_IMPROVEMENTS_STATUS.md → specs/project/CANDIDATE_SERVICE_IMPROVEMENTS_STATUS.md
CHECKPOINT_INDEX_DEC14.md → specs/project/CHECKPOINT_INDEX_DEC14.md
CHECKPOINT_SECURITY_SERVICE_COMPLETE_DEC14.md → specs/project/CHECKPOINT_SECURITY_SERVICE_COMPLETE_DEC14.md
CODE_OF_CONDUCT.md → specs/governance/CODE_OF_CONDUCT.md
CODE_QUALITY_AUDIT_ENUM_VALIDATION.md → specs/architectural-specs/CODE_QUALITY_AUDIT_ENUM_VALIDATION.md
COMMANDS_CHEAT_SHEET.md → specs/project/COMMANDS_CHEAT_SHEET.md
COMPLETE_CHECKPOINT_DEC14.md → specs/project/COMPLETE_CHECKPOINT_DEC14.md
COMPLETE_ENDPOINT_INVENTORY.md → specs/project/COMPLETE_ENDPOINT_INVENTORY.md
COMPLETE_PLATFORM_INVENTORY.md → specs/project/COMPLETE_PLATFORM_INVENTORY.md
COMPLETE_SERVICE_IMPLEMENTATION_PLAN.md → specs/project/COMPLETE_SERVICE_IMPLEMENTATION_PLAN.md
COMPLIANCE_DOCUMENTATION_INDEX.md → specs/project/COMPLIANCE_DOCUMENTATION_INDEX.md
COMPLIANCE_FIXES_SUMMARY.md → specs/project/COMPLIANCE_FIXES_SUMMARY.md
COMPREHENSIVE_MIGRATION_DECISION.md → specs/migration/COMPREHENSIVE_MIGRATION_DECISION.md
CONTRIBUTING.md → specs/governance/CONTRIBUTING.md
CUSTOM_MODEL_INTEGRATION_COMPLETE.md → specs/architectural-specs/CUSTOM_MODEL_INTEGRATION_COMPLETE.md
... (truncated for brevity, but will include all root .md files)
